{"v":"5.7.7","fr":30,"ip":0,"op":50,"w":480,"h":608,"nm":"画板","ddd":0,"assets":[{"id":"image_0","w":480,"h":608,"u":"images/","p":"img_0.png","e":0}],"layers":[{"ddd":0,"ind":1,"ty":4,"nm":"形状图层 1","sr":1,"ks":{"o":{"a":0,"k":100,"ix":11},"r":{"a":0,"k":0,"ix":10},"p":{"a":0,"k":[240,304,0],"ix":2,"l":2},"a":{"a":0,"k":[0,0,0],"ix":1,"l":2},"s":{"a":0,"k":[100,100,100],"ix":6,"l":2}},"ao":0,"shapes":[],"ip":0,"op":50,"st":0,"bm":0},{"ddd":0,"ind":2,"ty":4,"nm":"矩形 2","sr":1,"ks":{"o":{"a":0,"k":100,"ix":11},"r":{"a":0,"k":0,"ix":10},"p":{"a":0,"k":[334.609,359.451,0],"ix":2,"l":2},"a":{"a":0,"k":[0,0,0],"ix":1,"l":2},"s":{"a":0,"k":[100,100,100],"ix":6,"l":2}},"ao":0,"shapes":[{"ty":"gr","it":[{"ind":0,"ty":"sh","ix":1,"ks":{"a":1,"k":[{"i":{"x":0.445,"y":1},"o":{"x":0.347,"y":0},"t":0,"s":[{"i":[[0,-8.002],[0,0],[8.002,0],[0,8.002],[0,0],[-8.002,0]],"o":[[0,0],[0,8.002],[-8.002,0],[0,0],[0,-8.002],[8.002,0]],"v":[[14.49,-34.577],[14.49,34.577],[0,49.066],[-14.49,34.577],[-14.49,-34.577],[0,-49.066]],"c":true}]},{"i":{"x":0.387,"y":1},"o":{"x":0.425,"y":0},"t":7,"s":[{"i":[[0,-8.002],[0,0],[8.002,0],[0,8.002],[0,0],[-8.002,0]],"o":[[0,0],[0,8.002],[-8.002,0],[0,0],[0,-8.002],[8.002,0]],"v":[[14.862,-14.077],[14.614,7.077],[0.124,21.566],[-14.365,7.077],[-14.117,-14.077],[0.373,-28.566]],"c":true}]},{"i":{"x":0.411,"y":1},"o":{"x":0.422,"y":0},"t":15,"s":[{"i":[[0,-8.002],[0,0],[8.002,0],[0,8.002],[0,0],[-8.002,0]],"o":[[0,0],[0,8.002],[-8.002,0],[0,0],[0,-8.002],[8.002,0]],"v":[[14.49,-34.577],[14.49,34.577],[0,49.066],[-14.49,34.577],[-14.49,-34.577],[0,-49.066]],"c":true}]},{"i":{"x":0.382,"y":1},"o":{"x":0.399,"y":0},"t":22,"s":[{"i":[[0,-8.002],[0,0],[8.002,0],[0,8.002],[0,0],[-8.002,0]],"o":[[0,0],[0,8.002],[-8.002,0],[0,0],[0,-8.002],[8.002,0]],"v":[[14.49,-34.577],[14.49,34.577],[0,49.066],[-14.49,34.577],[-14.49,-34.577],[0,-49.066]],"c":true}]},{"i":{"x":0.377,"y":1},"o":{"x":0.336,"y":0},"t":29,"s":[{"i":[[0,-8.002],[0,0],[8.002,0],[0,8.002],[0,0],[-8.002,0]],"o":[[0,0],[0,8.002],[-8.002,0],[0,0],[0,-8.002],[8.002,0]],"v":[[14.862,-14.077],[14.614,7.077],[0.124,21.566],[-14.365,7.077],[-14.117,-14.077],[0.373,-28.566]],"c":true}]},{"t":36,"s":[{"i":[[0,-8.002],[0,0],[8.002,0],[0,8.002],[0,0],[-8.002,0]],"o":[[0,0],[0,8.002],[-8.002,0],[0,0],[0,-8.002],[8.002,0]],"v":[[14.49,-34.577],[14.49,34.577],[0,49.066],[-14.49,34.577],[-14.49,-34.577],[0,-49.066]],"c":true}]}],"ix":2},"nm":"路径 1","mn":"ADBE Vector Shape - Group","hd":false},{"ty":"fl","c":{"a":0,"k":[1,1,1,1],"ix":4},"o":{"a":0,"k":100,"ix":5},"r":1,"bm":0,"nm":"填充 1","mn":"ADBE Vector Graphic - Fill","hd":false},{"ty":"tr","p":{"a":0,"k":[0,0],"ix":2},"a":{"a":0,"k":[0,0],"ix":1},"s":{"a":0,"k":[100,100],"ix":3},"r":{"a":0,"k":0,"ix":6},"o":{"a":0,"k":100,"ix":7},"sk":{"a":0,"k":0,"ix":4},"sa":{"a":0,"k":0,"ix":5},"nm":"变换"}],"nm":"矩形","np":2,"cix":2,"bm":0,"ix":1,"mn":"ADBE Vector Group","hd":false}],"ip":0,"op":50,"st":0,"bm":0},{"ddd":0,"ind":3,"ty":4,"nm":"矩形 3","sr":1,"ks":{"o":{"a":0,"k":100,"ix":11},"r":{"a":0,"k":0,"ix":10},"p":{"a":0,"k":[144.635,359.451,0],"ix":2,"l":2},"a":{"a":0,"k":[0,0,0],"ix":1,"l":2},"s":{"a":0,"k":[100,100,100],"ix":6,"l":2}},"ao":0,"shapes":[{"ty":"gr","it":[{"ind":0,"ty":"sh","ix":1,"ks":{"a":1,"k":[{"i":{"x":0.445,"y":1},"o":{"x":0.347,"y":0},"t":0,"s":[{"i":[[0,-8.002],[0,0],[8.002,0],[0,8.002],[0,0],[-8.002,0]],"o":[[0,0],[0,8.002],[-8.002,0],[0,0],[0,-8.002],[8.002,0]],"v":[[14.49,-34.577],[14.49,34.577],[0,49.066],[-14.49,34.577],[-14.49,-34.577],[0,-49.066]],"c":true}]},{"i":{"x":0.387,"y":1},"o":{"x":0.425,"y":0},"t":7,"s":[{"i":[[0,-8.002],[0,0],[8.002,0],[0,8.002],[0,0],[-8.002,0]],"o":[[0,0],[0,8.002],[-8.002,0],[0,0],[0,-8.002],[8.002,0]],"v":[[14.862,-14.077],[14.614,7.077],[0.124,21.566],[-14.365,7.077],[-14.117,-14.077],[0.373,-28.566]],"c":true}]},{"i":{"x":0.411,"y":1},"o":{"x":0.422,"y":0},"t":15,"s":[{"i":[[0,-8.002],[0,0],[8.002,0],[0,8.002],[0,0],[-8.002,0]],"o":[[0,0],[0,8.002],[-8.002,0],[0,0],[0,-8.002],[8.002,0]],"v":[[14.49,-34.577],[14.49,34.577],[0,49.066],[-14.49,34.577],[-14.49,-34.577],[0,-49.066]],"c":true}]},{"i":{"x":0.382,"y":1},"o":{"x":0.399,"y":0},"t":22,"s":[{"i":[[0,-8.002],[0,0],[8.002,0],[0,8.002],[0,0],[-8.002,0]],"o":[[0,0],[0,8.002],[-8.002,0],[0,0],[0,-8.002],[8.002,0]],"v":[[14.49,-34.577],[14.49,34.577],[0,49.066],[-14.49,34.577],[-14.49,-34.577],[0,-49.066]],"c":true}]},{"i":{"x":0.377,"y":1},"o":{"x":0.336,"y":0},"t":29,"s":[{"i":[[0,-8.002],[0,0],[8.002,0],[0,8.002],[0,0],[-8.002,0]],"o":[[0,0],[0,8.002],[-8.002,0],[0,0],[0,-8.002],[8.002,0]],"v":[[14.862,-14.077],[14.614,7.077],[0.124,21.566],[-14.365,7.077],[-14.117,-14.077],[0.373,-28.566]],"c":true}]},{"t":36,"s":[{"i":[[0,-8.002],[0,0],[8.002,0],[0,8.002],[0,0],[-8.002,0]],"o":[[0,0],[0,8.002],[-8.002,0],[0,0],[0,-8.002],[8.002,0]],"v":[[14.49,-34.577],[14.49,34.577],[0,49.066],[-14.49,34.577],[-14.49,-34.577],[0,-49.066]],"c":true}]}],"ix":2},"nm":"路径 1","mn":"ADBE Vector Shape - Group","hd":false},{"ty":"fl","c":{"a":0,"k":[1,1,1,1],"ix":4},"o":{"a":0,"k":100,"ix":5},"r":1,"bm":0,"nm":"填充 1","mn":"ADBE Vector Graphic - Fill","hd":false},{"ty":"tr","p":{"a":0,"k":[0,0],"ix":2},"a":{"a":0,"k":[0,0],"ix":1},"s":{"a":0,"k":[100,100],"ix":3},"r":{"a":0,"k":0,"ix":6},"o":{"a":0,"k":100,"ix":7},"sk":{"a":0,"k":0,"ix":4},"sa":{"a":0,"k":0,"ix":5},"nm":"变换"}],"nm":"矩形","np":2,"cix":2,"bm":0,"ix":1,"mn":"ADBE Vector Group","hd":false}],"ip":0,"op":50,"st":0,"bm":0},{"ddd":0,"ind":4,"ty":2,"nm":"底部.png","cl":"png","refId":"image_0","sr":1,"ks":{"o":{"a":0,"k":100,"ix":11},"r":{"a":0,"k":0,"ix":10},"p":{"a":0,"k":[240,304,0],"ix":2,"l":2},"a":{"a":0,"k":[240,304,0],"ix":1,"l":2},"s":{"a":0,"k":[100,100,100],"ix":6,"l":2}},"ao":0,"ip":0,"op":50,"st":0,"bm":0}],"markers":[]}